<?xml version="1.0" encoding="UTF-8"?>
<project-private xmlns="http://www.netbeans.org/ns/project-private/1">
    <editor-bookmarks xmlns="http://www.netbeans.org/ns/editor-bookmarks/2" lastBookmarkId="0"/>
    <open-files xmlns="http://www.netbeans.org/ns/projectui-open-files/2">
        <group>
            <file>file:/C:/Users/ASUS/Downloads/Examiz-main%20(1)/Examiz-main/Examiz/src/examiz/Answer.java</file>
            <file>file:/C:/Users/ASUS/Downloads/Examiz-main%20(1)/Examiz-main/Examiz/src/examiz/DBconnection.java</file>
            <file>file:/C:/Users/ASUS/Downloads/Examiz-main%20(1)/Examiz-main/Examiz/src/examiz/Dashboard.java</file>
            <file>file:/C:/Users/ASUS/Downloads/Examiz-main%20(1)/Examiz-main/Examiz/src/examiz/Login.java</file>
            <file>file:/C:/Users/ASUS/Downloads/Examiz-main%20(1)/Examiz-main/Examiz/src/examiz/NewJFrame.java</file>
            <file>file:/C:/Users/ASUS/Downloads/Examiz-main%20(1)/Examiz-main/Examiz/src/examiz/Question.java</file>
            <file>file:/C:/Users/ASUS/Downloads/Examiz-main%20(1)/Examiz-main/Examiz/src/examiz/Signup.java</file>
        </group>
    </open-files>
</project-private>
